map@iou=0.5,map@iou=0.75,map@iou=0.5:0.95
0.9696066917904606,0.7319015189886967,0.6477577858231213
