map@iou=0.5,map@iou=0.75,map@iou=0.5:0.95
0.9242011427782783,0.7100678568483173,0.671352861685387
