map@iou=0.5,map@iou=0.75,map@iou=0.5:0.95
0.8913637535000823,0.7446720111805714,0.6473299489606829
